{"cameraMode":{"drawMode":0,"name":"Shaded","section":"Shading Mode"},"sceneLighting":false,"audioPlay":false,"sceneViewState":{"showFog":true,"showMaterialUpdate":false,"showSkybox":false,"showFlares":true,"showImageEffects":true,"showParticleSystems":true},"in2DMode":false,"pivot":{"x":1.6854100227355958,"y":1.394209861755371,"z":17.15566062927246},"rotation":{"x":-0.09444648772478104,"y":0.7560990452766419,"z":-0.11195580661296845,"w":-0.6378703117370606},"size":15.781805992126465,"orthographic":false}