{"cameraMode":{"drawMode":0,"name":"Shaded","section":"Shading Mode"},"sceneLighting":false,"audioPlay":false,"sceneViewState":{"showFog":true,"showMaterialUpdate":false,"showSkybox":false,"showFlares":true,"showImageEffects":true,"showParticleSystems":true},"in2DMode":false,"pivot":{"x":-0.2367573380470276,"y":3.0879409313201906,"z":3.7892167568206789},"rotation":{"x":-0.013914135284721852,"y":0.9696138501167297,"z":-0.056785427033901218,"w":-0.23759295046329499},"size":2.41452956199646,"orthographic":false}