{"cameraMode":{"drawMode":0,"name":"Shaded","section":"Shading Mode"},"sceneLighting":false,"audioPlay":false,"sceneViewState":{"showFog":true,"showMaterialUpdate":false,"showSkybox":false,"showFlares":true,"showImageEffects":true,"showParticleSystems":true},"in2DMode":false,"pivot":{"x":-11.231534004211426,"y":2.40602970123291,"z":15.615952491760254},"rotation":{"x":0.034587640315294269,"y":0.7013908624649048,"z":-0.03411209583282471,"w":0.71113520860672},"size":11.829038619995118,"orthographic":false}